codigo	lugar
10101	Chachapoyas / Chachapoyas / Amazonas
10102	Asunción / Chachapoyas / Amazonas
10103	Balsas / Chachapoyas / Amazonas
10104	Cheto / Chachapoyas / Amazonas
10105	Chiliquin / Chachapoyas / Amazonas
10106	Chuquibamba / Chachapoyas / Amazonas
10107	Granada / Chachapoyas / Amazonas
10108	Huancas / Chachapoyas / Amazonas
10109	La Jalca / Chachapoyas / Amazonas
10110	Leimebamba / Chachapoyas / Amazonas
10111	Levanto / Chachapoyas / Amazonas
10112	Magdalena / Chachapoyas / Amazonas
10113	Mariscal Castilla / Chachapoyas / Amazonas
10114	Molinopampa / Chachapoyas / Amazonas
10115	Montevideo / Chachapoyas / Amazonas
10116	Olleros / Chachapoyas / Amazonas
10117	Quinjalca / Chachapoyas / Amazonas
10118	San Francisco de Daguas / Chachapoyas / Amazonas
10119	San Isidro de Maino / Chachapoyas / Amazonas
10120	Soloco / Chachapoyas / Amazonas
10121	Sonche / Chachapoyas / Amazonas
10201	Bagua / Bagua / Amazonas
10202	Aramango / Bagua / Amazonas
10203	Copallin / Bagua / Amazonas
10204	El Parco / Bagua / Amazonas
10205	Imaza / Bagua / Amazonas
10206	La Peca / Bagua / Amazonas
10301	Jumbilla / Bongará / Amazonas
10302	Chisquilla / Bongará / Amazonas
10303	Churuja / Bongará / Amazonas
10304	Corosha / Bongará / Amazonas
10305	Cuispes / Bongará / Amazonas
10306	Florida / Bongará / Amazonas
10307	Jazan / Bongará / Amazonas
10308	Recta / Bongará / Amazonas
10309	San Carlos / Bongará / Amazonas
10310	Shipasbamba / Bongará / Amazonas
10311	Valera / Bongará / Amazonas
10312	Yambrasbamba / Bongará / Amazonas
10401	Nieva / Condorcanqui / Amazonas
10402	El Cenepa / Condorcanqui / Amazonas
10403	Río Santiago / Condorcanqui / Amazonas
10501	Lamud / Luya / Amazonas
10502	Camporredondo / Luya / Amazonas
10503	Cocabamba / Luya / Amazonas
10504	Colcamar / Luya / Amazonas
10505	Conila / Luya / Amazonas
10506	Inguilpata / Luya / Amazonas
10507	Longuita / Luya / Amazonas
10508	Lonya Chico / Luya / Amazonas
10509	Luya / Luya / Amazonas
10510	Luya Viejo / Luya / Amazonas
10511	María / Luya / Amazonas
10512	Ocalli / Luya / Amazonas
10513	Ocumal / Luya / Amazonas
10514	Pisuquia / Luya / Amazonas
10515	Providencia / Luya / Amazonas
10516	San Cristóbal / Luya / Amazonas
10517	San Francisco de Yeso / Luya / Amazonas
10518	San Jerónimo / Luya / Amazonas
10519	San Juan de Lopecancha / Luya / Amazonas
10520	Santa Catalina / Luya / Amazonas
10521	Santo Tomas / Luya / Amazonas
10522	Tingo / Luya / Amazonas
10523	Trita / Luya / Amazonas
10601	San Nicolás / Rodríguez de Mendoza / Amazonas
10602	Chirimoto / Rodríguez de Mendoza / Amazonas
10603	Cochamal / Rodríguez de Mendoza / Amazonas
10604	Huambo / Rodríguez de Mendoza / Amazonas
10605	Limabamba / Rodríguez de Mendoza / Amazonas
10606	Longar / Rodríguez de Mendoza / Amazonas
10607	Mariscal Benavides / Rodríguez de Mendoza / Amazonas
10608	Milpuc / Rodríguez de Mendoza / Amazonas
10609	Omia / Rodríguez de Mendoza / Amazonas
10610	Santa Rosa / Rodríguez de Mendoza / Amazonas
10611	Totora / Rodríguez de Mendoza / Amazonas
10612	Vista Alegre / Rodríguez de Mendoza / Amazonas
10701	Bagua Grande / Utcubamba / Amazonas
10702	Cajaruro / Utcubamba / Amazonas
10703	Cumba / Utcubamba / Amazonas
10704	El Milagro / Utcubamba / Amazonas
10705	Jamalca / Utcubamba / Amazonas
10706	Lonya Grande / Utcubamba / Amazonas
10707	Yamon / Utcubamba / Amazonas
20101	Huaraz / Huaraz / Áncash
20102	Cochabamba / Huaraz / Áncash
20103	Colcabamba / Huaraz / Áncash
20104	Huanchay / Huaraz / Áncash
20105	Independencia / Huaraz / Áncash
20106	Jangas / Huaraz / Áncash
20107	La Libertad / Huaraz / Áncash
20108	Olleros / Huaraz / Áncash
20109	Pampas Grande / Huaraz / Áncash
20110	Pariacoto / Huaraz / Áncash
20111	Pira / Huaraz / Áncash
20112	Tarica / Huaraz / Áncash
20201	Aija / Aija / Áncash
20202	Coris / Aija / Áncash
20203	Huacllan / Aija / Áncash
20204	La Merced / Aija / Áncash
20205	Succha / Aija / Áncash
20301	Llamellin / Antonio Raymondi / Áncash
20302	Aczo / Antonio Raymondi / Áncash
20303	Chaccho / Antonio Raymondi / Áncash
20304	Chingas / Antonio Raymondi / Áncash
20305	Mirgas / Antonio Raymondi / Áncash
20306	San Juan de Rontoy / Antonio Raymondi / Áncash
20401	Chacas / Asunción / Áncash
20402	Acochaca / Asunción / Áncash
20501	Chiquian / Bolognesi / Áncash
20502	Abelardo Pardo Lezameta / Bolognesi / Áncash
20503	Antonio Raymondi / Bolognesi / Áncash
20504	Aquia / Bolognesi / Áncash
20505	Cajacay / Bolognesi / Áncash
20506	Canis / Bolognesi / Áncash
20507	Colquioc / Bolognesi / Áncash
20508	Huallanca / Bolognesi / Áncash
20509	Huasta / Bolognesi / Áncash
20510	Huayllacayan / Bolognesi / Áncash
20511	La Primavera / Bolognesi / Áncash
20512	Mangas / Bolognesi / Áncash
20513	Pacllon / Bolognesi / Áncash
20514	San Miguel de Corpanqui / Bolognesi / Áncash
20515	Ticllos / Bolognesi / Áncash
20601	Carhuaz / Carhuaz / Áncash
20602	Acopampa / Carhuaz / Áncash
20603	Amashca / Carhuaz / Áncash
20604	Anta / Carhuaz / Áncash
20605	Ataquero / Carhuaz / Áncash
20606	Marcara / Carhuaz / Áncash
20607	Pariahuanca / Carhuaz / Áncash
20608	San Miguel de Aco / Carhuaz / Áncash
20609	Shilla / Carhuaz / Áncash
20610	Tinco / Carhuaz / Áncash
20611	Yungar / Carhuaz / Áncash
20701	San Luis / Carlos Fermín Fitzcarrald / Áncash
20702	San Nicolás / Carlos Fermín Fitzcarrald / Áncash
20703	Yauya / Carlos Fermín Fitzcarrald / Áncash
20801	Casma / Casma / Áncash
20802	Buena Vista Alta / Casma / Áncash
20803	Comandante Noel / Casma / Áncash
20804	Yautan / Casma / Áncash
20901	Corongo / Corongo / Áncash
20902	Aco / Corongo / Áncash
20903	Bambas / Corongo / Áncash
20904	Cusca / Corongo / Áncash
20905	La Pampa / Corongo / Áncash
20906	Yanac / Corongo / Áncash
20907	Yupan / Corongo / Áncash
21001	Huari / Huari / Áncash
21002	Anra / Huari / Áncash
21003	Cajay / Huari / Áncash
21004	Chavin de Huantar / Huari / Áncash
21005	Huacachi / Huari / Áncash
21006	Huacchis / Huari / Áncash
21007	Huachis / Huari / Áncash
21008	Huantar / Huari / Áncash
21009	Masin / Huari / Áncash
21010	Paucas / Huari / Áncash
21011	Ponto / Huari / Áncash
21012	Rahuapampa / Huari / Áncash
21013	Rapayan / Huari / Áncash
21014	San Marcos / Huari / Áncash
21015	San Pedro de Chana / Huari / Áncash
21016	Uco / Huari / Áncash
21101	Huarmey / Huarmey / Áncash
21102	Cochapeti / Huarmey / Áncash
21103	Culebras / Huarmey / Áncash
21104	Huayan / Huarmey / Áncash
21105	Malvas / Huarmey / Áncash
21201	Caraz / Huaylas / Áncash
21202	Huallanca / Huaylas / Áncash
21203	Huata / Huaylas / Áncash
21204	Huaylas / Huaylas / Áncash
21205	Mato / Huaylas / Áncash
21206	Pamparomas / Huaylas / Áncash
21207	Pueblo Libre / Huaylas / Áncash
21208	Santa Cruz / Huaylas / Áncash
21209	Santo Toribio / Huaylas / Áncash
21210	Yuracmarca / Huaylas / Áncash
21301	Piscobamba / Mariscal Luzuriaga / Áncash
21302	Casca / Mariscal Luzuriaga / Áncash
21303	Eleazar Guzmán Barron / Mariscal Luzuriaga / Áncash
21304	Fidel Olivas Escudero / Mariscal Luzuriaga / Áncash
21305	Llama / Mariscal Luzuriaga / Áncash
21306	Llumpa / Mariscal Luzuriaga / Áncash
21307	Lucma / Mariscal Luzuriaga / Áncash
21308	Musga / Mariscal Luzuriaga / Áncash
21401	Ocros / Ocros / Áncash
21402	Acas / Ocros / Áncash
21403	Cajamarquilla / Ocros / Áncash
21404	Carhuapampa / Ocros / Áncash
21405	Cochas / Ocros / Áncash
21406	Congas / Ocros / Áncash
21407	Llipa / Ocros / Áncash
21408	San Cristóbal de Rajan / Ocros / Áncash
21409	San Pedro / Ocros / Áncash
21410	Santiago de Chilcas / Ocros / Áncash
21501	Cabana / Pallasca / Áncash
21502	Bolognesi / Pallasca / Áncash
21503	Conchucos / Pallasca / Áncash
21504	Huacaschuque / Pallasca / Áncash
21505	Huandoval / Pallasca / Áncash
21506	Lacabamba / Pallasca / Áncash
21507	Llapo / Pallasca / Áncash
21508	Pallasca / Pallasca / Áncash
21509	Pampas / Pallasca / Áncash
21510	Santa Rosa / Pallasca / Áncash
21511	Tauca / Pallasca / Áncash
21601	Pomabamba / Pomabamba / Áncash
21602	Huayllan / Pomabamba / Áncash
21603	Parobamba / Pomabamba / Áncash
21604	Quinuabamba / Pomabamba / Áncash
21701	Recuay / Recuay / Áncash
21702	Catac / Recuay / Áncash
21703	Cotaparaco / Recuay / Áncash
21704	Huayllapampa / Recuay / Áncash
21705	Llacllin / Recuay / Áncash
21706	Marca / Recuay / Áncash
21707	Pampas Chico / Recuay / Áncash
21708	Pararin / Recuay / Áncash
21709	Tapacocha / Recuay / Áncash
21710	Ticapampa / Recuay / Áncash
21801	Chimbote / Santa / Áncash
21802	Cáceres del Perú / Santa / Áncash
21803	Coishco / Santa / Áncash
21804	Macate / Santa / Áncash
21805	Moro / Santa / Áncash
21806	Nepeña / Santa / Áncash
21807	Samanco / Santa / Áncash
21808	Santa / Santa / Áncash
21809	Nuevo Chimbote / Santa / Áncash
21901	Sihuas / Sihuas / Áncash
21902	Acobamba / Sihuas / Áncash
21903	Alfonso Ugarte / Sihuas / Áncash
21904	Cashapampa / Sihuas / Áncash
21905	Chingalpo / Sihuas / Áncash
21906	Huayllabamba / Sihuas / Áncash
21907	Quiches / Sihuas / Áncash
21908	Ragash / Sihuas / Áncash
21909	San Juan / Sihuas / Áncash
21910	Sicsibamba / Sihuas / Áncash
22001	Yungay / Yungay / Áncash
22002	Cascapara / Yungay / Áncash
22003	Mancos / Yungay / Áncash
22004	Matacoto / Yungay / Áncash
22005	Quillo / Yungay / Áncash
22006	Ranrahirca / Yungay / Áncash
22007	Shupluy / Yungay / Áncash
22008	Yanama / Yungay / Áncash
30101	Abancay / Abancay / Apurímac
30102	Chacoche / Abancay / Apurímac
30103	Circa / Abancay / Apurímac
30104	Curahuasi / Abancay / Apurímac
30105	Huanipaca / Abancay / Apurímac
30106	Lambrama / Abancay / Apurímac
30107	Pichirhua / Abancay / Apurímac
30108	San Pedro de Cachora / Abancay / Apurímac
30109	Tamburco / Abancay / Apurímac
30201	Andahuaylas / Andahuaylas / Apurímac
30202	Andarapa / Andahuaylas / Apurímac
30203	Chiara / Andahuaylas / Apurímac
30204	Huancarama / Andahuaylas / Apurímac
30205	Huancaray / Andahuaylas / Apurímac
30206	Huayana / Andahuaylas / Apurímac
30207	Kishuara / Andahuaylas / Apurímac
30208	Pacobamba / Andahuaylas / Apurímac
30209	Pacucha / Andahuaylas / Apurímac
30210	Pampachiri / Andahuaylas / Apurímac
30211	Pomacocha / Andahuaylas / Apurímac
30212	San Antonio de Cachi / Andahuaylas / Apurímac
30213	San Jerónimo / Andahuaylas / Apurímac
30214	San Miguel de Chaccrampa / Andahuaylas / Apurímac
30215	Santa María de Chicmo / Andahuaylas / Apurímac
30216	Talavera / Andahuaylas / Apurímac
30217	Tumay Huaraca / Andahuaylas / Apurímac
30218	Turpo / Andahuaylas / Apurímac
30219	Kaquiabamba / Andahuaylas / Apurímac
30220	José María Arguedas / Andahuaylas / Apurímac
30301	Antabamba / Antabamba / Apurímac
30302	El Oro / Antabamba / Apurímac
30303	Huaquirca / Antabamba / Apurímac
30304	Juan Espinoza Medrano / Antabamba / Apurímac
30305	Oropesa / Antabamba / Apurímac
30306	Pachaconas / Antabamba / Apurímac
30307	Sabaino / Antabamba / Apurímac
30401	Chalhuanca / Aymaraes / Apurímac
30402	Capaya / Aymaraes / Apurímac
30403	Caraybamba / Aymaraes / Apurímac
30404	Chapimarca / Aymaraes / Apurímac
30405	Colcabamba / Aymaraes / Apurímac
30406	Cotaruse / Aymaraes / Apurímac
30407	Ihuayllo / Aymaraes / Apurímac
30408	Justo Apu Sahuaraura / Aymaraes / Apurímac
30409	Lucre / Aymaraes / Apurímac
30410	Pocohuanca / Aymaraes / Apurímac
30411	San Juan de Chacña / Aymaraes / Apurímac
30412	Sañayca / Aymaraes / Apurímac
30413	Soraya / Aymaraes / Apurímac
30414	Tapairihua / Aymaraes / Apurímac
30415	Tintay / Aymaraes / Apurímac
30416	Toraya / Aymaraes / Apurímac
30417	Yanaca / Aymaraes / Apurímac
30501	Tambobamba / Cotabambas / Apurímac
30502	Cotabambas / Cotabambas / Apurímac
30503	Coyllurqui / Cotabambas / Apurímac
30504	Haquira / Cotabambas / Apurímac
30505	Mara / Cotabambas / Apurímac
30506	Challhuahuacho / Cotabambas / Apurímac
30601	Chincheros / Chincheros / Apurímac
30602	Anco_Huallo / Chincheros / Apurímac
30603	Cocharcas / Chincheros / Apurímac
30604	Huaccana / Chincheros / Apurímac
30605	Ocobamba / Chincheros / Apurímac
30606	Ongoy / Chincheros / Apurímac
30607	Uranmarca / Chincheros / Apurímac
30608	Ranracancha / Chincheros / Apurímac
30609	Rocchacc / Chincheros / Apurímac
30610	El Porvenir / Chincheros / Apurímac
30611	Los Chankas / Chincheros / Apurímac
30701	Chuquibambilla / Grau / Apurímac
30702	Curpahuasi / Grau / Apurímac
30703	Gamarra / Grau / Apurímac
30704	Huayllati / Grau / Apurímac
30705	Mamara / Grau / Apurímac
30706	Micaela Bastidas / Grau / Apurímac
30707	Pataypampa / Grau / Apurímac
30708	Progreso / Grau / Apurímac
30709	San Antonio / Grau / Apurímac
30710	Santa Rosa / Grau / Apurímac
30711	Turpay / Grau / Apurímac
30712	Vilcabamba / Grau / Apurímac
30713	Virundo / Grau / Apurímac
30714	Curasco / Grau / Apurímac
40101	Arequipa / Arequipa / Arequipa
40102	Alto Selva Alegre / Arequipa / Arequipa
40103	Cayma / Arequipa / Arequipa
40104	Cerro Colorado / Arequipa / Arequipa
40105	Characato / Arequipa / Arequipa
40106	Chiguata / Arequipa / Arequipa
40107	Jacobo Hunter / Arequipa / Arequipa
40108	La Joya / Arequipa / Arequipa
40109	Mariano Melgar / Arequipa / Arequipa
40110	Miraflores / Arequipa / Arequipa
40111	Mollebaya / Arequipa / Arequipa
40112	Paucarpata / Arequipa / Arequipa
40113	Pocsi / Arequipa / Arequipa
40114	Polobaya / Arequipa / Arequipa
40115	Quequeña / Arequipa / Arequipa
40116	Sabandia / Arequipa / Arequipa
40117	Sachaca / Arequipa / Arequipa
40118	San Juan de Siguas / Arequipa / Arequipa
40119	San Juan de Tarucani / Arequipa / Arequipa
40120	Santa Isabel de Siguas / Arequipa / Arequipa
40121	Santa Rita de Siguas / Arequipa / Arequipa
40122	Socabaya / Arequipa / Arequipa
40123	Tiabaya / Arequipa / Arequipa
40124	Uchumayo / Arequipa / Arequipa
40125	Vitor / Arequipa / Arequipa
40126	Yanahuara / Arequipa / Arequipa
40127	Yarabamba / Arequipa / Arequipa
40128	Yura / Arequipa / Arequipa
40129	José Luis Bustamante Y Rivero / Arequipa / Arequipa
40201	Camaná / Camaná / Arequipa
40202	José María Quimper / Camaná / Arequipa
40203	Mariano Nicolás Valcárcel / Camaná / Arequipa
40204	Mariscal Cáceres / Camaná / Arequipa
40205	Nicolás de Pierola / Camaná / Arequipa
40206	Ocoña / Camaná / Arequipa
40207	Quilca / Camaná / Arequipa
40208	Samuel Pastor / Camaná / Arequipa
40301	Caravelí / Caravelí / Arequipa
40302	Acarí / Caravelí / Arequipa
40303	Atico / Caravelí / Arequipa
40304	Atiquipa / Caravelí / Arequipa
40305	Bella Unión / Caravelí / Arequipa
40306	Cahuacho / Caravelí / Arequipa
40307	Chala / Caravelí / Arequipa
40308	Chaparra / Caravelí / Arequipa
40309	Huanuhuanu / Caravelí / Arequipa
40310	Jaqui / Caravelí / Arequipa
40311	Lomas / Caravelí / Arequipa
40312	Quicacha / Caravelí / Arequipa
40313	Yauca / Caravelí / Arequipa
40401	Aplao / Castilla / Arequipa
40402	Andagua / Castilla / Arequipa
40403	Ayo / Castilla / Arequipa
40404	Chachas / Castilla / Arequipa
40405	Chilcaymarca / Castilla / Arequipa
40406	Choco / Castilla / Arequipa
40407	Huancarqui / Castilla / Arequipa
40408	Machaguay / Castilla / Arequipa
40409	Orcopampa / Castilla / Arequipa
40410	Pampacolca / Castilla / Arequipa
40411	Tipan / Castilla / Arequipa
40412	Uñon / Castilla / Arequipa
40413	Uraca / Castilla / Arequipa
40414	Viraco / Castilla / Arequipa
40501	Chivay / Caylloma / Arequipa
40502	Achoma / Caylloma / Arequipa
40503	Cabanaconde / Caylloma / Arequipa
40504	Callalli / Caylloma / Arequipa
40505	Caylloma / Caylloma / Arequipa
40506	Coporaque / Caylloma / Arequipa
40507	Huambo / Caylloma / Arequipa
40508	Huanca / Caylloma / Arequipa
40509	Ichupampa / Caylloma / Arequipa
40510	Lari / Caylloma / Arequipa
40511	Lluta / Caylloma / Arequipa
40512	Maca / Caylloma / Arequipa
40513	Madrigal / Caylloma / Arequipa
40514	San Antonio de Chuca / Caylloma / Arequipa
40515	Sibayo / Caylloma / Arequipa
40516	Tapay / Caylloma / Arequipa
40517	Tisco / Caylloma / Arequipa
40518	Tuti / Caylloma / Arequipa
40519	Yanque / Caylloma / Arequipa
40520	Majes / Caylloma / Arequipa
40601	Chuquibamba / Condesuyos / Arequipa
40602	Andaray / Condesuyos / Arequipa
40603	Cayarani / Condesuyos / Arequipa
40604	Chichas / Condesuyos / Arequipa
40605	Iray / Condesuyos / Arequipa
40606	Río Grande / Condesuyos / Arequipa
40607	Salamanca / Condesuyos / Arequipa
40608	Yanaquihua / Condesuyos / Arequipa
40701	Mollendo / Islay / Arequipa
40702	Cocachacra / Islay / Arequipa
40703	Dean Valdivia / Islay / Arequipa
40704	Islay / Islay / Arequipa
40705	Mejia / Islay / Arequipa
40706	Punta de Bombón / Islay / Arequipa
40801	Cotahuasi / La Uniòn / Arequipa
40802	Alca / La Uniòn / Arequipa
40803	Charcana / La Uniòn / Arequipa
40804	Huaynacotas / La Uniòn / Arequipa
40805	Pampamarca / La Uniòn / Arequipa
40806	Puyca / La Uniòn / Arequipa
40807	Quechualla / La Uniòn / Arequipa
40808	Sayla / La Uniòn / Arequipa
40809	Tauria / La Uniòn / Arequipa
40810	Tomepampa / La Uniòn / Arequipa
40811	Toro / La Uniòn / Arequipa
50101	Ayacucho / Huamanga / Ayacucho
50102	Acocro / Huamanga / Ayacucho
50103	Acos Vinchos / Huamanga / Ayacucho
50104	Carmen Alto / Huamanga / Ayacucho
50105	Chiara / Huamanga / Ayacucho
50106	Ocros / Huamanga / Ayacucho
50107	Pacaycasa / Huamanga / Ayacucho
50108	Quinua / Huamanga / Ayacucho
50109	San José de Ticllas / Huamanga / Ayacucho
50110	San Juan Bautista / Huamanga / Ayacucho
50111	Santiago de Pischa / Huamanga / Ayacucho
50112	Socos / Huamanga / Ayacucho
50113	Tambillo / Huamanga / Ayacucho
50114	Vinchos / Huamanga / Ayacucho
50115	Jesús Nazareno / Huamanga / Ayacucho
50116	Andrés Avelino Cáceres Dorregaray / Huamanga / Ayacucho
50201	Cangallo / Cangallo / Ayacucho
50202	Chuschi / Cangallo / Ayacucho
50203	Los Morochucos / Cangallo / Ayacucho
50204	María Parado de Bellido / Cangallo / Ayacucho
50205	Paras / Cangallo / Ayacucho
50206	Totos / Cangallo / Ayacucho
50301	Sancos / Huanca Sancos / Ayacucho
50302	Carapo / Huanca Sancos / Ayacucho
50303	Sacsamarca / Huanca Sancos / Ayacucho
50304	Santiago de Lucanamarca / Huanca Sancos / Ayacucho
50401	Huanta / Huanta / Ayacucho
50402	Ayahuanco / Huanta / Ayacucho
50403	Huamanguilla / Huanta / Ayacucho
50404	Iguain / Huanta / Ayacucho
50405	Luricocha / Huanta / Ayacucho
50406	Santillana / Huanta / Ayacucho
50407	Sivia / Huanta / Ayacucho
50408	Llochegua / Huanta / Ayacucho
50409	Canayre / Huanta / Ayacucho
50410	Uchuraccay / Huanta / Ayacucho
50411	Pucacolpa / Huanta / Ayacucho
50412	Chaca / Huanta / Ayacucho
50501	San Miguel / La Mar / Ayacucho
50502	Anco / La Mar / Ayacucho
50503	Ayna / La Mar / Ayacucho
50504	Chilcas / La Mar / Ayacucho
50505	Chungui / La Mar / Ayacucho
50506	Luis Carranza / La Mar / Ayacucho
50507	Santa Rosa / La Mar / Ayacucho
50508	Tambo / La Mar / Ayacucho
50509	Samugari / La Mar / Ayacucho
50510	Anchihuay / La Mar / Ayacucho
50511	Oronccoy / La Mar / Ayacucho
50601	Puquio / Lucanas / Ayacucho
50602	Aucara / Lucanas / Ayacucho
50603	Cabana / Lucanas / Ayacucho
50604	Carmen Salcedo / Lucanas / Ayacucho
50605	Chaviña / Lucanas / Ayacucho
50606	Chipao / Lucanas / Ayacucho
50607	Huac-Huas / Lucanas / Ayacucho
50608	Laramate / Lucanas / Ayacucho
50609	Leoncio Prado / Lucanas / Ayacucho
50610	Llauta / Lucanas / Ayacucho
50611	Lucanas / Lucanas / Ayacucho
50612	Ocaña / Lucanas / Ayacucho
50613	Otoca / Lucanas / Ayacucho
50614	Saisa / Lucanas / Ayacucho
50615	San Cristóbal / Lucanas / Ayacucho
50616	San Juan / Lucanas / Ayacucho
50617	San Pedro / Lucanas / Ayacucho
50618	San Pedro de Palco / Lucanas / Ayacucho
50619	Sancos / Lucanas / Ayacucho
50620	Santa Ana de Huaycahuacho / Lucanas / Ayacucho
50621	Santa Lucia / Lucanas / Ayacucho
50701	Coracora / Parinacochas / Ayacucho
50702	Chumpi / Parinacochas / Ayacucho
50703	Coronel Castañeda / Parinacochas / Ayacucho
50704	Pacapausa / Parinacochas / Ayacucho
50705	Pullo / Parinacochas / Ayacucho
50706	Puyusca / Parinacochas / Ayacucho
50707	San Francisco de Ravacayco / Parinacochas / Ayacucho
50708	Upahuacho / Parinacochas / Ayacucho
50801	Pausa / Pàucar del Sara Sara / Ayacucho
50802	Colta / Pàucar del Sara Sara / Ayacucho
50803	Corculla / Pàucar del Sara Sara / Ayacucho
50804	Lampa / Pàucar del Sara Sara / Ayacucho
50805	Marcabamba / Pàucar del Sara Sara / Ayacucho
50806	Oyolo / Pàucar del Sara Sara / Ayacucho
50807	Pararca / Pàucar del Sara Sara / Ayacucho
50808	San Javier de Alpabamba / Pàucar del Sara Sara / Ayacucho
50809	San José de Ushua / Pàucar del Sara Sara / Ayacucho
50810	Sara Sara / Pàucar del Sara Sara / Ayacucho
50901	Querobamba / Sucre / Ayacucho
50902	Belén / Sucre / Ayacucho
50903	Chalcos / Sucre / Ayacucho
50904	Chilcayoc / Sucre / Ayacucho
50905	Huacaña / Sucre / Ayacucho
50906	Morcolla / Sucre / Ayacucho
50907	Paico / Sucre / Ayacucho
50908	San Pedro de Larcay / Sucre / Ayacucho
50909	San Salvador de Quije / Sucre / Ayacucho
50910	Santiago de Paucaray / Sucre / Ayacucho
50911	Soras / Sucre / Ayacucho
51001	Huancapi / Víctor Fajardo / Ayacucho
51002	Alcamenca / Víctor Fajardo / Ayacucho
51003	Apongo / Víctor Fajardo / Ayacucho
51004	Asquipata / Víctor Fajardo / Ayacucho
51005	Canaria / Víctor Fajardo / Ayacucho
51006	Cayara / Víctor Fajardo / Ayacucho
51007	Colca / Víctor Fajardo / Ayacucho
51008	Huamanquiquia / Víctor Fajardo / Ayacucho
51009	Huancaraylla / Víctor Fajardo / Ayacucho
51010	Hualla / Víctor Fajardo / Ayacucho
51011	Sarhua / Víctor Fajardo / Ayacucho
51012	Vilcanchos / Víctor Fajardo / Ayacucho
51101	Vilcas Huaman / Vilcas Huamán / Ayacucho
51102	Accomarca / Vilcas Huamán / Ayacucho
51103	Carhuanca / Vilcas Huamán / Ayacucho
51104	Concepción / Vilcas Huamán / Ayacucho
51105	Huambalpa / Vilcas Huamán / Ayacucho
51106	Independencia / Vilcas Huamán / Ayacucho
51107	Saurama / Vilcas Huamán / Ayacucho
51108	Vischongo / Vilcas Huamán / Ayacucho
60101	Cajamarca / Cajamarca / Cajamarca
60102	Asunción / Cajamarca / Cajamarca
60103	Chetilla / Cajamarca / Cajamarca
60104	Cospan / Cajamarca / Cajamarca
60105	Encañada / Cajamarca / Cajamarca
60106	Jesús / Cajamarca / Cajamarca
60107	Llacanora / Cajamarca / Cajamarca
60108	Los Baños del Inca / Cajamarca / Cajamarca
60109	Magdalena / Cajamarca / Cajamarca
60110	Matara / Cajamarca / Cajamarca
60111	Namora / Cajamarca / Cajamarca
60112	San Juan / Cajamarca / Cajamarca
60201	Cajabamba / Cajabamba / Cajamarca
60202	Cachachi / Cajabamba / Cajamarca
60203	Condebamba / Cajabamba / Cajamarca
60204	Sitacocha / Cajabamba / Cajamarca
60301	Celendín / Celendín / Cajamarca
60302	Chumuch / Celendín / Cajamarca
60303	Cortegana / Celendín / Cajamarca
60304	Huasmin / Celendín / Cajamarca
60305	Jorge Chávez / Celendín / Cajamarca
60306	José Gálvez / Celendín / Cajamarca
60307	Miguel Iglesias / Celendín / Cajamarca
60308	Oxamarca / Celendín / Cajamarca
60309	Sorochuco / Celendín / Cajamarca
60310	Sucre / Celendín / Cajamarca
60311	Utco / Celendín / Cajamarca
60312	La Libertad de Pallan / Celendín / Cajamarca
60401	Chota / Chota / Cajamarca
60402	Anguia / Chota / Cajamarca
60403	Chadin / Chota / Cajamarca
60404	Chiguirip / Chota / Cajamarca
60405	Chimban / Chota / Cajamarca
60406	Choropampa / Chota / Cajamarca
60407	Cochabamba / Chota / Cajamarca
60408	Conchan / Chota / Cajamarca
60409	Huambos / Chota / Cajamarca
60410	Lajas / Chota / Cajamarca
60411	Llama / Chota / Cajamarca
60412	Miracosta / Chota / Cajamarca
60413	Paccha / Chota / Cajamarca
60414	Pion / Chota / Cajamarca
60415	Querocoto / Chota / Cajamarca
60416	San Juan de Licupis / Chota / Cajamarca
60417	Tacabamba / Chota / Cajamarca
60418	Tocmoche / Chota / Cajamarca
60419	Chalamarca / Chota / Cajamarca
60501	Contumaza / Contumazá / Cajamarca
60502	Chilete / Contumazá / Cajamarca
60503	Cupisnique / Contumazá / Cajamarca
60504	Guzmango / Contumazá / Cajamarca
60505	San Benito / Contumazá / Cajamarca
60506	Santa Cruz de Toledo / Contumazá / Cajamarca
60507	Tantarica / Contumazá / Cajamarca
60508	Yonan / Contumazá / Cajamarca
60601	Cutervo / Cutervo / Cajamarca
60602	Callayuc / Cutervo / Cajamarca
60603	Choros / Cutervo / Cajamarca
60604	Cujillo / Cutervo / Cajamarca
60605	La Ramada / Cutervo / Cajamarca
60606	Pimpingos / Cutervo / Cajamarca
60607	Querocotillo / Cutervo / Cajamarca
60608	San Andrés de Cutervo / Cutervo / Cajamarca
60609	San Juan de Cutervo / Cutervo / Cajamarca
60610	San Luis de Lucma / Cutervo / Cajamarca
60611	Santa Cruz / Cutervo / Cajamarca
60612	Santo Domingo de la Capilla / Cutervo / Cajamarca
60613	Santo Tomas / Cutervo / Cajamarca
60614	Socota / Cutervo / Cajamarca
60615	Toribio Casanova / Cutervo / Cajamarca
60701	Bambamarca / Hualgayoc / Cajamarca
60702	Chugur / Hualgayoc / Cajamarca
60703	Hualgayoc / Hualgayoc / Cajamarca
60801	Jaén / Jaén / Cajamarca
60802	Bellavista / Jaén / Cajamarca
60803	Chontali / Jaén / Cajamarca
60804	Colasay / Jaén / Cajamarca
60805	Huabal / Jaén / Cajamarca
60806	Las Pirias / Jaén / Cajamarca
60807	Pomahuaca / Jaén / Cajamarca
60808	Pucara / Jaén / Cajamarca
60809	Sallique / Jaén / Cajamarca
60810	San Felipe / Jaén / Cajamarca
60811	San José del Alto / Jaén / Cajamarca
60812	Santa Rosa / Jaén / Cajamarca
60901	San Ignacio / San Ignacio / Cajamarca
60902	Chirinos / San Ignacio / Cajamarca
60903	Huarango / San Ignacio / Cajamarca
60904	La Coipa / San Ignacio / Cajamarca
60905	Namballe / San Ignacio / Cajamarca
60906	San José de Lourdes / San Ignacio / Cajamarca
60907	Tabaconas / San Ignacio / Cajamarca
61001	Pedro Gálvez / San Marcos / Cajamarca
61002	Chancay / San Marcos / Cajamarca
61003	Eduardo Villanueva / San Marcos / Cajamarca
61004	Gregorio Pita / San Marcos / Cajamarca
61005	Ichocan / San Marcos / Cajamarca
61006	José Manuel Quiroz / San Marcos / Cajamarca
61007	José Sabogal / San Marcos / Cajamarca
61101	San Miguel / San Miguel / Cajamarca
61102	Bolívar / San Miguel / Cajamarca
61103	Calquis / San Miguel / Cajamarca
61104	Catilluc / San Miguel / Cajamarca
61105	El Prado / San Miguel / Cajamarca
61106	La Florida / San Miguel / Cajamarca
61107	Llapa / San Miguel / Cajamarca
61108	Nanchoc / San Miguel / Cajamarca
61109	Niepos / San Miguel / Cajamarca
61110	San Gregorio / San Miguel / Cajamarca
61111	San Silvestre de Cochan / San Miguel / Cajamarca
61112	Tongod / San Miguel / Cajamarca
61113	Unión Agua Blanca / San Miguel / Cajamarca
61201	San Pablo / San Pablo / Cajamarca
61202	San Bernardino / San Pablo / Cajamarca
61203	San Luis / San Pablo / Cajamarca
61204	Tumbaden / San Pablo / Cajamarca
61301	Santa Cruz / Santa Cruz / Cajamarca
61302	Andabamba / Santa Cruz / Cajamarca
61303	Catache / Santa Cruz / Cajamarca
61304	Chancaybaños / Santa Cruz / Cajamarca
61305	La Esperanza / Santa Cruz / Cajamarca
61306	Ninabamba / Santa Cruz / Cajamarca
61307	Pulan / Santa Cruz / Cajamarca
61308	Saucepampa / Santa Cruz / Cajamarca
61309	Sexi / Santa Cruz / Cajamarca
61310	Uticyacu / Santa Cruz / Cajamarca
61311	Yauyucan / Santa Cruz / Cajamarca
70101	Callao / Prov. Const. del Callao / Callao
70102	Bellavista / Prov. Const. del Callao / Callao
70103	Carmen de la Legua Reynoso / Prov. Const. del Callao / Callao
70104	La Perla / Prov. Const. del Callao / Callao
70105	La Punta / Prov. Const. del Callao / Callao
70106	Ventanilla / Prov. Const. del Callao / Callao
70107	Mi Perú / Prov. Const. del Callao / Callao
80101	Cusco / Cusco / Cusco
80102	Ccorca / Cusco / Cusco
80103	Poroy / Cusco / Cusco
80104	San Jerónimo / Cusco / Cusco
80105	San Sebastian / Cusco / Cusco
80106	Santiago / Cusco / Cusco
80107	Saylla / Cusco / Cusco
80108	Wanchaq / Cusco / Cusco
80201	Acomayo / Acomayo / Cusco
80202	Acopia / Acomayo / Cusco
80203	Acos / Acomayo / Cusco
80204	Mosoc Llacta / Acomayo / Cusco
80205	Pomacanchi / Acomayo / Cusco
80206	Rondocan / Acomayo / Cusco
80207	Sangarara / Acomayo / Cusco
80301	Anta / Anta / Cusco
80302	Ancahuasi / Anta / Cusco
80303	Cachimayo / Anta / Cusco
80304	Chinchaypujio / Anta / Cusco
80305	Huarocondo / Anta / Cusco
80306	Limatambo / Anta / Cusco
80307	Mollepata / Anta / Cusco
80308	Pucyura / Anta / Cusco
80309	Zurite / Anta / Cusco
80401	Calca / Calca / Cusco
80402	Coya / Calca / Cusco
80403	Lamay / Calca / Cusco
80404	Lares / Calca / Cusco
80405	Pisac / Calca / Cusco
80406	San Salvador / Calca / Cusco
80407	Taray / Calca / Cusco
80408	Yanatile / Calca / Cusco
80501	Yanaoca / Canas / Cusco
80502	Checca / Canas / Cusco
80503	Kunturkanki / Canas / Cusco
80504	Langui / Canas / Cusco
80505	Layo / Canas / Cusco
80506	Pampamarca / Canas / Cusco
80507	Quehue / Canas / Cusco
80508	Tupac Amaru / Canas / Cusco
80601	Sicuani / Canchis / Cusco
80602	Checacupe / Canchis / Cusco
80603	Combapata / Canchis / Cusco
80604	Marangani / Canchis / Cusco
80605	Pitumarca / Canchis / Cusco
80606	San Pablo / Canchis / Cusco
80607	San Pedro / Canchis / Cusco
80608	Tinta / Canchis / Cusco
80701	Santo Tomas / Chumbivilcas / Cusco
80702	Capacmarca / Chumbivilcas / Cusco
80703	Chamaca / Chumbivilcas / Cusco
80704	Colquemarca / Chumbivilcas / Cusco
80705	Livitaca / Chumbivilcas / Cusco
80706	Llusco / Chumbivilcas / Cusco
80707	Quiñota / Chumbivilcas / Cusco
80708	Velille / Chumbivilcas / Cusco
80801	Espinar / Espinar / Cusco
80802	Condoroma / Espinar / Cusco
80803	Coporaque / Espinar / Cusco
80804	Ocoruro / Espinar / Cusco
80805	Pallpata / Espinar / Cusco
80806	Pichigua / Espinar / Cusco
80807	Suyckutambo / Espinar / Cusco
80808	Alto Pichigua / Espinar / Cusco
80901	Santa Ana / La Convención / Cusco
80902	Echarate / La Convención / Cusco
80903	Huayopata / La Convención / Cusco
80904	Maranura / La Convención / Cusco
80905	Ocobamba / La Convención / Cusco
80906	Quellouno / La Convención / Cusco
80907	Kimbiri / La Convención / Cusco
80908	Santa Teresa / La Convención / Cusco
80909	Vilcabamba / La Convención / Cusco
80910	Pichari / La Convención / Cusco
80911	Inkawasi / La Convención / Cusco
80912	Villa Virgen / La Convención / Cusco
80913	Villa Kintiarina / La Convención / Cusco
80914	Megantoni / La Convención / Cusco
81001	Paruro / Paruro / Cusco
81002	Accha / Paruro / Cusco
81003	Ccapi / Paruro / Cusco
81004	Colcha / Paruro / Cusco
81005	Huanoquite / Paruro / Cusco
81006	Omachaç / Paruro / Cusco
81007	Paccaritambo / Paruro / Cusco
81008	Pillpinto / Paruro / Cusco
81009	Yaurisque / Paruro / Cusco
81101	Paucartambo / Paucartambo / Cusco
81102	Caicay / Paucartambo / Cusco
81103	Challabamba / Paucartambo / Cusco
81104	Colquepata / Paucartambo / Cusco
81105	Huancarani / Paucartambo / Cusco
81106	Kosñipata / Paucartambo / Cusco
81201	Urcos / Quispicanchi / Cusco
81202	Andahuaylillas / Quispicanchi / Cusco
81203	Camanti / Quispicanchi / Cusco
81204	Ccarhuayo / Quispicanchi / Cusco
81205	Ccatca / Quispicanchi / Cusco
81206	Cusipata / Quispicanchi / Cusco
81207	Huaro / Quispicanchi / Cusco
81208	Lucre / Quispicanchi / Cusco
81209	Marcapata / Quispicanchi / Cusco
81210	Ocongate / Quispicanchi / Cusco
81211	Oropesa / Quispicanchi / Cusco
81212	Quiquijana / Quispicanchi / Cusco
81301	Urubamba / Urubamba / Cusco
81302	Chinchero / Urubamba / Cusco
81303	Huayllabamba / Urubamba / Cusco
81304	Machupicchu / Urubamba / Cusco
81305	Maras / Urubamba / Cusco
81306	Ollantaytambo / Urubamba / Cusco
81307	Yucay / Urubamba / Cusco
90101	Huancavelica / Huancavelica / Huancavelica
90102	Acobambilla / Huancavelica / Huancavelica
90103	Acoria / Huancavelica / Huancavelica
90104	Conayca / Huancavelica / Huancavelica
90105	Cuenca / Huancavelica / Huancavelica
90106	Huachocolpa / Huancavelica / Huancavelica
90107	Huayllahuara / Huancavelica / Huancavelica
90108	Izcuchaca / Huancavelica / Huancavelica
90109	Laria / Huancavelica / Huancavelica
90110	Manta / Huancavelica / Huancavelica
90111	Mariscal Cáceres / Huancavelica / Huancavelica
90112	Moya / Huancavelica / Huancavelica
90113	Nuevo Occoro / Huancavelica / Huancavelica
90114	Palca / Huancavelica / Huancavelica
90115	Pilchaca / Huancavelica / Huancavelica
90116	Vilca / Huancavelica / Huancavelica
90117	Yauli / Huancavelica / Huancavelica
90118	Ascensión / Huancavelica / Huancavelica
90119	Huando / Huancavelica / Huancavelica
90201	Acobamba / Acobamba / Huancavelica
90202	Andabamba / Acobamba / Huancavelica
90203	Anta / Acobamba / Huancavelica
90204	Caja / Acobamba / Huancavelica
90205	Marcas / Acobamba / Huancavelica
90206	Paucara / Acobamba / Huancavelica
90207	Pomacocha / Acobamba / Huancavelica
90208	Rosario / Acobamba / Huancavelica
90301	Lircay / Angaraes / Huancavelica
90302	Anchonga / Angaraes / Huancavelica
90303	Callanmarca / Angaraes / Huancavelica
90304	Ccochaccasa / Angaraes / Huancavelica
90305	Chincho / Angaraes / Huancavelica
90306	Congalla / Angaraes / Huancavelica
90307	Huanca-Huanca / Angaraes / Huancavelica
90308	Huayllay Grande / Angaraes / Huancavelica
90309	Julcamarca / Angaraes / Huancavelica
90310	San Antonio de Antaparco / Angaraes / Huancavelica
90311	Santo Tomas de Pata / Angaraes / Huancavelica
90312	Secclla / Angaraes / Huancavelica
90401	Castrovirreyna / Castrovirreyna / Huancavelica
90402	Arma / Castrovirreyna / Huancavelica
90403	Aurahua / Castrovirreyna / Huancavelica
90404	Capillas / Castrovirreyna / Huancavelica
90405	Chupamarca / Castrovirreyna / Huancavelica
90406	Cocas / Castrovirreyna / Huancavelica
90407	Huachos / Castrovirreyna / Huancavelica
90408	Huamatambo / Castrovirreyna / Huancavelica
90409	Mollepampa / Castrovirreyna / Huancavelica
90410	San Juan / Castrovirreyna / Huancavelica
90411	Santa Ana / Castrovirreyna / Huancavelica
90412	Tantara / Castrovirreyna / Huancavelica
90413	Ticrapo / Castrovirreyna / Huancavelica
90501	Churcampa / Churcampa / Huancavelica
90502	Anco / Churcampa / Huancavelica
90503	Chinchihuasi / Churcampa / Huancavelica
90504	El Carmen / Churcampa / Huancavelica
90505	La Merced / Churcampa / Huancavelica
90506	Locroja / Churcampa / Huancavelica
90507	Paucarbamba / Churcampa / Huancavelica
90508	San Miguel de Mayocc / Churcampa / Huancavelica
90509	San Pedro de Coris / Churcampa / Huancavelica
90510	Pachamarca / Churcampa / Huancavelica
90511	Cosme / Churcampa / Huancavelica
90601	Huaytara / Huaytará / Huancavelica
90602	Ayavi / Huaytará / Huancavelica
90603	Córdova / Huaytará / Huancavelica
90604	Huayacundo Arma / Huaytará / Huancavelica
90605	Laramarca / Huaytará / Huancavelica
90606	Ocoyo / Huaytará / Huancavelica
90607	Pilpichaca / Huaytará / Huancavelica
90608	Querco / Huaytará / Huancavelica
90609	Quito-Arma / Huaytará / Huancavelica
90610	San Antonio de Cusicancha / Huaytará / Huancavelica
90611	San Francisco de Sangayaico / Huaytará / Huancavelica
90612	San Isidro / Huaytará / Huancavelica
90613	Santiago de Chocorvos / Huaytará / Huancavelica
90614	Santiago de Quirahuara / Huaytará / Huancavelica
90615	Santo Domingo de Capillas / Huaytará / Huancavelica
90616	Tambo / Huaytará / Huancavelica
90701	Pampas / Tayacaja / Huancavelica
90702	Acostambo / Tayacaja / Huancavelica
90703	Acraquia / Tayacaja / Huancavelica
90704	Ahuaycha / Tayacaja / Huancavelica
90705	Colcabamba / Tayacaja / Huancavelica
90706	Daniel Hernández / Tayacaja / Huancavelica
90707	Huachocolpa / Tayacaja / Huancavelica
90709	Huaribamba / Tayacaja / Huancavelica
90710	Ñahuimpuquio / Tayacaja / Huancavelica
90711	Pazos / Tayacaja / Huancavelica
90713	Quishuar / Tayacaja / Huancavelica
90714	Salcabamba / Tayacaja / Huancavelica
90715	Salcahuasi / Tayacaja / Huancavelica
90716	San Marcos de Rocchac / Tayacaja / Huancavelica
90717	Surcubamba / Tayacaja / Huancavelica
90718	Tintay Puncu / Tayacaja / Huancavelica
90719	Quichuas / Tayacaja / Huancavelica
90720	Andaymarca / Tayacaja / Huancavelica
90721	Roble / Tayacaja / Huancavelica
90722	Pichos / Tayacaja / Huancavelica
90723	Santiago de Tucuma / Tayacaja / Huancavelica
100101	Huanuco / Huánuco / Huánuco
100102	Amarilis / Huánuco / Huánuco
100103	Chinchao / Huánuco / Huánuco
100104	Churubamba / Huánuco / Huánuco
100105	Margos / Huánuco / Huánuco
100106	Quisqui (Kichki) / Huánuco / Huánuco
100107	San Francisco de Cayran / Huánuco / Huánuco
100108	San Pedro de Chaulan / Huánuco / Huánuco
100109	Santa María del Valle / Huánuco / Huánuco
100110	Yarumayo / Huánuco / Huánuco
100111	Pillco Marca / Huánuco / Huánuco
100112	Yacus / Huánuco / Huánuco
100113	San Pablo de Pillao / Huánuco / Huánuco
100201	Ambo / Ambo / Huánuco
100202	Cayna / Ambo / Huánuco
100203	Colpas / Ambo / Huánuco
100204	Conchamarca / Ambo / Huánuco
100205	Huacar / Ambo / Huánuco
100206	San Francisco / Ambo / Huánuco
100207	San Rafael / Ambo / Huánuco
100208	Tomay Kichwa / Ambo / Huánuco
100301	La Unión / Dos de Mayo / Huánuco
100307	Chuquis / Dos de Mayo / Huánuco
100311	Marías / Dos de Mayo / Huánuco
100313	Pachas / Dos de Mayo / Huánuco
100316	Quivilla / Dos de Mayo / Huánuco
100317	Ripan / Dos de Mayo / Huánuco
100321	Shunqui / Dos de Mayo / Huánuco
100322	Sillapata / Dos de Mayo / Huánuco
100323	Yanas / Dos de Mayo / Huánuco
100401	Huacaybamba / Huacaybamba / Huánuco
100402	Canchabamba / Huacaybamba / Huánuco
100403	Cochabamba / Huacaybamba / Huánuco
100404	Pinra / Huacaybamba / Huánuco
100501	Llata / Huamalíes / Huánuco
100502	Arancay / Huamalíes / Huánuco
100503	Chavín de Pariarca / Huamalíes / Huánuco
100504	Jacas Grande / Huamalíes / Huánuco
100505	Jircan / Huamalíes / Huánuco
100506	Miraflores / Huamalíes / Huánuco
100507	Monzón / Huamalíes / Huánuco
100508	Punchao / Huamalíes / Huánuco
100509	Puños / Huamalíes / Huánuco
100510	Singa / Huamalíes / Huánuco
100511	Tantamayo / Huamalíes / Huánuco
100601	Rupa-Rupa / Leoncio Prado / Huánuco
100602	Daniel Alomía Robles / Leoncio Prado / Huánuco
100603	Hermílio Valdizan / Leoncio Prado / Huánuco
100604	José Crespo y Castillo / Leoncio Prado / Huánuco
100605	Luyando / Leoncio Prado / Huánuco
100606	Mariano Damaso Beraun / Leoncio Prado / Huánuco
100607	Pucayacu / Leoncio Prado / Huánuco
100608	Castillo Grande / Leoncio Prado / Huánuco
100609	Pueblo Nuevo / Leoncio Prado / Huánuco
100610	Santo Domingo de Anda / Leoncio Prado / Huánuco
100701	Huacrachuco / Marañón / Huánuco
100702	Cholon / Marañón / Huánuco
100703	San Buenaventura / Marañón / Huánuco
100704	La Morada / Marañón / Huánuco
100705	Santa Rosa de Alto Yanajanca / Marañón / Huánuco
100801	Panao / Pachitea / Huánuco
100802	Chaglla / Pachitea / Huánuco
100803	Molino / Pachitea / Huánuco
100804	Umari / Pachitea / Huánuco
100901	Puerto Inca / Puerto Inca / Huánuco
100902	Codo del Pozuzo / Puerto Inca / Huánuco
100903	Honoria / Puerto Inca / Huánuco
100904	Tournavista / Puerto Inca / Huánuco
100905	Yuyapichis / Puerto Inca / Huánuco
101001	Jesús / Lauricocha  / Huánuco
101002	Baños / Lauricocha  / Huánuco
101003	Jivia / Lauricocha  / Huánuco
101004	Queropalca / Lauricocha  / Huánuco
101005	Rondos / Lauricocha  / Huánuco
101006	San Francisco de Asís / Lauricocha  / Huánuco
101007	San Miguel de Cauri / Lauricocha  / Huánuco
101101	Chavinillo / Yarowilca  / Huánuco
101102	Cahuac / Yarowilca  / Huánuco
101103	Chacabamba / Yarowilca  / Huánuco
101104	Aparicio Pomares / Yarowilca  / Huánuco
101105	Jacas Chico / Yarowilca  / Huánuco
101106	Obas / Yarowilca  / Huánuco
101107	Pampamarca / Yarowilca  / Huánuco
101108	Choras / Yarowilca  / Huánuco
110101	Ica / Ica  / Ica
110102	La Tinguiña / Ica  / Ica
110103	Los Aquijes / Ica  / Ica
110104	Ocucaje / Ica  / Ica
110105	Pachacutec / Ica  / Ica
110106	Parcona / Ica  / Ica
110107	Pueblo Nuevo / Ica  / Ica
110108	Salas / Ica  / Ica
110109	San José de Los Molinos / Ica  / Ica
110110	San Juan Bautista / Ica  / Ica
110111	Santiago / Ica  / Ica
110112	Subtanjalla / Ica  / Ica
110113	Tate / Ica  / Ica
110114	Yauca del Rosario / Ica  / Ica
110201	Chincha Alta / Chincha  / Ica
110202	Alto Laran / Chincha  / Ica
110203	Chavin / Chincha  / Ica
110204	Chincha Baja / Chincha  / Ica
110205	El Carmen / Chincha  / Ica
110206	Grocio Prado / Chincha  / Ica
110207	Pueblo Nuevo / Chincha  / Ica
110208	San Juan de Yanac / Chincha  / Ica
110209	San Pedro de Huacarpana / Chincha  / Ica
110210	Sunampe / Chincha  / Ica
110211	Tambo de Mora / Chincha  / Ica
110301	Nasca / Nasca  / Ica
110302	Changuillo / Nasca  / Ica
110303	El Ingenio / Nasca  / Ica
110304	Marcona / Nasca  / Ica
110305	Vista Alegre / Nasca  / Ica
110401	Palpa / Palpa  / Ica
110402	Llipata / Palpa  / Ica
110403	Río Grande / Palpa  / Ica
110404	Santa Cruz / Palpa  / Ica
110405	Tibillo / Palpa  / Ica
110501	Pisco / Pisco  / Ica
110502	Huancano / Pisco  / Ica
110503	Humay / Pisco  / Ica
110504	Independencia / Pisco  / Ica
110505	Paracas / Pisco  / Ica
110506	San Andrés / Pisco  / Ica
110507	San Clemente / Pisco  / Ica
110508	Tupac Amaru Inca / Pisco  / Ica
120101	Huancayo / Huancayo  / Junín
120104	Carhuacallanga / Huancayo  / Junín
120105	Chacapampa / Huancayo  / Junín
120106	Chicche / Huancayo  / Junín
120107	Chilca / Huancayo  / Junín
120108	Chongos Alto / Huancayo  / Junín
120111	Chupuro / Huancayo  / Junín
120112	Colca / Huancayo  / Junín
120113	Cullhuas / Huancayo  / Junín
120114	El Tambo / Huancayo  / Junín
120116	Huacrapuquio / Huancayo  / Junín
120117	Hualhuas / Huancayo  / Junín
120119	Huancan / Huancayo  / Junín
120120	Huasicancha / Huancayo  / Junín
120121	Huayucachi / Huancayo  / Junín
120122	Ingenio / Huancayo  / Junín
120124	Pariahuanca / Huancayo  / Junín
120125	Pilcomayo / Huancayo  / Junín
120126	Pucara / Huancayo  / Junín
120127	Quichuay / Huancayo  / Junín
120128	Quilcas / Huancayo  / Junín
120129	San Agustín / Huancayo  / Junín
120130	San Jerónimo de Tunan / Huancayo  / Junín
120132	Saño / Huancayo  / Junín
120133	Sapallanga / Huancayo  / Junín
120134	Sicaya / Huancayo  / Junín
120135	Santo Domingo de Acobamba / Huancayo  / Junín
120136	Viques / Huancayo  / Junín
120201	Concepción / Concepción  / Junín
120202	Aco / Concepción  / Junín
120203	Andamarca / Concepción  / Junín
120204	Chambara / Concepción  / Junín
120205	Cochas / Concepción  / Junín
120206	Comas / Concepción  / Junín
120207	Heroínas Toledo / Concepción  / Junín
120208	Manzanares / Concepción  / Junín
120209	Mariscal Castilla / Concepción  / Junín
120210	Matahuasi / Concepción  / Junín
120211	Mito / Concepción  / Junín
120212	Nueve de Julio / Concepción  / Junín
120213	Orcotuna / Concepción  / Junín
120214	San José de Quero / Concepción  / Junín
120215	Santa Rosa de Ocopa / Concepción  / Junín
120301	Chanchamayo / Chanchamayo  / Junín
120302	Perene / Chanchamayo  / Junín
120303	Pichanaqui / Chanchamayo  / Junín
120304	San Luis de Shuaro / Chanchamayo  / Junín
120305	San Ramón / Chanchamayo  / Junín
120306	Vitoc / Chanchamayo  / Junín
120401	Jauja / Jauja  / Junín
120402	Acolla / Jauja  / Junín
120403	Apata / Jauja  / Junín
120404	Ataura / Jauja  / Junín
120405	Canchayllo / Jauja  / Junín
120406	Curicaca / Jauja  / Junín
120407	El Mantaro / Jauja  / Junín
120408	Huamali / Jauja  / Junín
120409	Huaripampa / Jauja  / Junín
120410	Huertas / Jauja  / Junín
120411	Janjaillo / Jauja  / Junín
120412	Julcán / Jauja  / Junín
120413	Leonor Ordóñez / Jauja  / Junín
120414	Llocllapampa / Jauja  / Junín
120415	Marco / Jauja  / Junín
120416	Masma / Jauja  / Junín
120417	Masma Chicche / Jauja  / Junín
120418	Molinos / Jauja  / Junín
120419	Monobamba / Jauja  / Junín
120420	Muqui / Jauja  / Junín
120421	Muquiyauyo / Jauja  / Junín
120422	Paca / Jauja  / Junín
120423	Paccha / Jauja  / Junín
120424	Pancan / Jauja  / Junín
120425	Parco / Jauja  / Junín
120426	Pomacancha / Jauja  / Junín
120427	Ricran / Jauja  / Junín
120428	San Lorenzo / Jauja  / Junín
120429	San Pedro de Chunan / Jauja  / Junín
120430	Sausa / Jauja  / Junín
120431	Sincos / Jauja  / Junín
120432	Tunan Marca / Jauja  / Junín
120433	Yauli / Jauja  / Junín
120434	Yauyos / Jauja  / Junín
120501	Junin / Junín  / Junín
120502	Carhuamayo / Junín  / Junín
120503	Ondores / Junín  / Junín
120504	Ulcumayo / Junín  / Junín
120601	Satipo / Satipo  / Junín
120602	Coviriali / Satipo  / Junín
120603	Llaylla / Satipo  / Junín
120604	Mazamari / Satipo  / Junín
120605	Pampa Hermosa / Satipo  / Junín
120606	Pangoa / Satipo  / Junín
120607	Río Negro / Satipo  / Junín
120608	Río Tambo / Satipo  / Junín
120609	Vizcatan del Ene / Satipo  / Junín
120701	Tarma / Tarma  / Junín
120702	Acobamba / Tarma  / Junín
120703	Huaricolca / Tarma  / Junín
120704	Huasahuasi / Tarma  / Junín
120705	La Unión / Tarma  / Junín
120706	Palca / Tarma  / Junín
120707	Palcamayo / Tarma  / Junín
120708	San Pedro de Cajas / Tarma  / Junín
120709	Tapo / Tarma  / Junín
120801	La Oroya / Yauli  / Junín
120802	Chacapalpa / Yauli  / Junín
120803	Huay-Huay / Yauli  / Junín
120804	Marcapomacocha / Yauli  / Junín
120805	Morococha / Yauli  / Junín
120806	Paccha / Yauli  / Junín
120807	Santa Bárbara de Carhuacayan / Yauli  / Junín
120808	Santa Rosa de Sacco / Yauli  / Junín
120809	Suitucancha / Yauli  / Junín
120810	Yauli / Yauli  / Junín
120901	Chupaca / Chupaca  / Junín
120902	Ahuac / Chupaca  / Junín
120903	Chongos Bajo / Chupaca  / Junín
120904	Huachac / Chupaca  / Junín
120905	Huamancaca Chico / Chupaca  / Junín
120906	San Juan de Iscos / Chupaca  / Junín
120907	San Juan de Jarpa / Chupaca  / Junín
120908	Tres de Diciembre / Chupaca  / Junín
120909	Yanacancha / Chupaca  / Junín
130101	Trujillo / Trujillo  / La Libertad
130102	El Porvenir / Trujillo  / La Libertad
130103	Florencia de Mora / Trujillo  / La Libertad
130104	Huanchaco / Trujillo  / La Libertad
130105	La Esperanza / Trujillo  / La Libertad
130106	Laredo / Trujillo  / La Libertad
130107	Moche / Trujillo  / La Libertad
130108	Poroto / Trujillo  / La Libertad
130109	Salaverry / Trujillo  / La Libertad
130110	Simbal / Trujillo  / La Libertad
130111	Victor Larco Herrera / Trujillo  / La Libertad
130201	Ascope / Ascope  / La Libertad
130202	Chicama / Ascope  / La Libertad
130203	Chocope / Ascope  / La Libertad
130204	Magdalena de Cao / Ascope  / La Libertad
130205	Paijan / Ascope  / La Libertad
130206	Rázuri / Ascope  / La Libertad
130207	Santiago de Cao / Ascope  / La Libertad
130208	Casa Grande / Ascope  / La Libertad
130301	Bolívar / Bolívar  / La Libertad
130302	Bambamarca / Bolívar  / La Libertad
130303	Condormarca / Bolívar  / La Libertad
130304	Longotea / Bolívar  / La Libertad
130305	Uchumarca / Bolívar  / La Libertad
130306	Ucuncha / Bolívar  / La Libertad
130401	Chepen / Chepén  / La Libertad
130402	Pacanga / Chepén  / La Libertad
130403	Pueblo Nuevo / Chepén  / La Libertad
130501	Julcan / Julcán  / La Libertad
130502	Calamarca / Julcán  / La Libertad
130503	Carabamba / Julcán  / La Libertad
130504	Huaso / Julcán  / La Libertad
130601	Otuzco / Otuzco  / La Libertad
130602	Agallpampa / Otuzco  / La Libertad
130604	Charat / Otuzco  / La Libertad
130605	Huaranchal / Otuzco  / La Libertad
130606	La Cuesta / Otuzco  / La Libertad
130608	Mache / Otuzco  / La Libertad
130610	Paranday / Otuzco  / La Libertad
130611	Salpo / Otuzco  / La Libertad
130613	Sinsicap / Otuzco  / La Libertad
130614	Usquil / Otuzco  / La Libertad
130701	San Pedro de Lloc / Pacasmayo  / La Libertad
130702	Guadalupe / Pacasmayo  / La Libertad
130703	Jequetepeque / Pacasmayo  / La Libertad
130704	Pacasmayo / Pacasmayo  / La Libertad
130705	San José / Pacasmayo  / La Libertad
130801	Tayabamba / Pataz  / La Libertad
130802	Buldibuyo / Pataz  / La Libertad
130803	Chillia / Pataz  / La Libertad
130804	Huancaspata / Pataz  / La Libertad
130805	Huaylillas / Pataz  / La Libertad
130806	Huayo / Pataz  / La Libertad
130807	Ongon / Pataz  / La Libertad
130808	Parcoy / Pataz  / La Libertad
130809	Pataz / Pataz  / La Libertad
130810	Pias / Pataz  / La Libertad
130811	Santiago de Challas / Pataz  / La Libertad
130812	Taurija / Pataz  / La Libertad
130813	Urpay / Pataz  / La Libertad
130901	Huamachuco / Sánchez Carrión  / La Libertad
130902	Chugay / Sánchez Carrión  / La Libertad
130903	Cochorco / Sánchez Carrión  / La Libertad
130904	Curgos / Sánchez Carrión  / La Libertad
130905	Marcabal / Sánchez Carrión  / La Libertad
130906	Sanagoran / Sánchez Carrión  / La Libertad
130907	Sarin / Sánchez Carrión  / La Libertad
130908	Sartimbamba / Sánchez Carrión  / La Libertad
131001	Santiago de Chuco / Santiago de Chuco  / La Libertad
131002	Angasmarca / Santiago de Chuco  / La Libertad
131003	Cachicadan / Santiago de Chuco  / La Libertad
131004	Mollebamba / Santiago de Chuco  / La Libertad
131005	Mollepata / Santiago de Chuco  / La Libertad
131006	Quiruvilca / Santiago de Chuco  / La Libertad
131007	Santa Cruz de Chuca / Santiago de Chuco  / La Libertad
131008	Sitabamba / Santiago de Chuco  / La Libertad
131101	Cascas / Gran Chimú  / La Libertad
131102	Lucma / Gran Chimú  / La Libertad
131103	Marmot / Gran Chimú  / La Libertad
131104	Sayapullo / Gran Chimú  / La Libertad
131201	Viru / Virú  / La Libertad
131202	Chao / Virú  / La Libertad
131203	Guadalupito / Virú  / La Libertad
140101	Chiclayo / Chiclayo  / Lambayeque
140102	Chongoyape / Chiclayo  / Lambayeque
140103	Eten / Chiclayo  / Lambayeque
140104	Eten Puerto / Chiclayo  / Lambayeque
140105	José Leonardo Ortiz / Chiclayo  / Lambayeque
140106	La Victoria / Chiclayo  / Lambayeque
140107	Lagunas / Chiclayo  / Lambayeque
140108	Monsefu / Chiclayo  / Lambayeque
140109	Nueva Arica / Chiclayo  / Lambayeque
140110	Oyotun / Chiclayo  / Lambayeque
140111	Picsi / Chiclayo  / Lambayeque
140112	Pimentel / Chiclayo  / Lambayeque
140113	Reque / Chiclayo  / Lambayeque
140114	Santa Rosa / Chiclayo  / Lambayeque
140115	Saña / Chiclayo  / Lambayeque
140116	Cayalti / Chiclayo  / Lambayeque
140117	Patapo / Chiclayo  / Lambayeque
140118	Pomalca / Chiclayo  / Lambayeque
140119	Pucala / Chiclayo  / Lambayeque
140120	Tuman / Chiclayo  / Lambayeque
140201	Ferreñafe / Ferreñafe  / Lambayeque
140202	Cañaris / Ferreñafe  / Lambayeque
140203	Incahuasi / Ferreñafe  / Lambayeque
140204	Manuel Antonio Mesones Muro / Ferreñafe  / Lambayeque
140205	Pitipo / Ferreñafe  / Lambayeque
140206	Pueblo Nuevo / Ferreñafe  / Lambayeque
140301	Lambayeque / Lambayeque  / Lambayeque
140302	Chochope / Lambayeque  / Lambayeque
140303	Illimo / Lambayeque  / Lambayeque
140304	Jayanca / Lambayeque  / Lambayeque
140305	Mochumi / Lambayeque  / Lambayeque
140306	Morrope / Lambayeque  / Lambayeque
140307	Motupe / Lambayeque  / Lambayeque
140308	Olmos / Lambayeque  / Lambayeque
140309	Pacora / Lambayeque  / Lambayeque
140310	Salas / Lambayeque  / Lambayeque
140311	San José / Lambayeque  / Lambayeque
140312	Tucume / Lambayeque  / Lambayeque
150101	Lima / Lima  / Lima
150102	Ancón / Lima  / Lima
150103	Ate / Lima  / Lima
150104	Barranco / Lima  / Lima
150105	Breña / Lima  / Lima
150106	Carabayllo / Lima  / Lima
150107	Chaclacayo / Lima  / Lima
150108	Chorrillos / Lima  / Lima
150109	Cieneguilla / Lima  / Lima
150110	Comas / Lima  / Lima
150111	El Agustino / Lima  / Lima
150112	Independencia / Lima  / Lima
150113	Jesús María / Lima  / Lima
150114	La Molina / Lima  / Lima
150115	La Victoria / Lima  / Lima
150116	Lince / Lima  / Lima
150117	Los Olivos / Lima  / Lima
150118	Lurigancho / Lima  / Lima
150119	Lurin / Lima  / Lima
150120	Magdalena del Mar / Lima  / Lima
150121	Pueblo Libre / Lima  / Lima
150122	Miraflores / Lima  / Lima
150123	Pachacamac / Lima  / Lima
150124	Pucusana / Lima  / Lima
150125	Puente Piedra / Lima  / Lima
150126	Punta Hermosa / Lima  / Lima
150127	Punta Negra / Lima  / Lima
150128	Rímac / Lima  / Lima
150129	San Bartolo / Lima  / Lima
150130	San Borja / Lima  / Lima
150131	San Isidro / Lima  / Lima
150132	San Juan de Lurigancho / Lima  / Lima
150133	San Juan de Miraflores / Lima  / Lima
150134	San Luis / Lima  / Lima
150135	San Martín de Porres / Lima  / Lima
150136	San Miguel / Lima  / Lima
150137	Santa Anita / Lima  / Lima
150138	Santa María del Mar / Lima  / Lima
150139	Santa Rosa / Lima  / Lima
150140	Santiago de Surco / Lima  / Lima
150141	Surquillo / Lima  / Lima
150142	Villa El Salvador / Lima  / Lima
150143	Villa María del Triunfo / Lima  / Lima
150201	Barranca / Barranca  / Lima
150202	Paramonga / Barranca  / Lima
150203	Pativilca / Barranca  / Lima
150204	Supe / Barranca  / Lima
150205	Supe Puerto / Barranca  / Lima
150301	Cajatambo / Cajatambo  / Lima
150302	Copa / Cajatambo  / Lima
150303	Gorgor / Cajatambo  / Lima
150304	Huancapon / Cajatambo  / Lima
150305	Manas / Cajatambo  / Lima
150401	Canta / Canta  / Lima
150402	Arahuay / Canta  / Lima
150403	Huamantanga / Canta  / Lima
150404	Huaros / Canta  / Lima
150405	Lachaqui / Canta  / Lima
150406	San Buenaventura / Canta  / Lima
150407	Santa Rosa de Quives / Canta  / Lima
150501	San Vicente de Cañete / Cañete  / Lima
150502	Asia / Cañete  / Lima
150503	Calango / Cañete  / Lima
150504	Cerro Azul / Cañete  / Lima
150505	Chilca / Cañete  / Lima
150506	Coayllo / Cañete  / Lima
150507	Imperial / Cañete  / Lima
150508	Lunahuana / Cañete  / Lima
150509	Mala / Cañete  / Lima
150510	Nuevo Imperial / Cañete  / Lima
150511	Pacaran / Cañete  / Lima
150512	Quilmana / Cañete  / Lima
150513	San Antonio / Cañete  / Lima
150514	San Luis / Cañete  / Lima
150515	Santa Cruz de Flores / Cañete  / Lima
150516	Zúñiga / Cañete  / Lima
150601	Huaral / Huaral  / Lima
150602	Atavillos Alto / Huaral  / Lima
150603	Atavillos Bajo / Huaral  / Lima
150604	Aucallama / Huaral  / Lima
150605	Chancay / Huaral  / Lima
150606	Ihuari / Huaral  / Lima
150607	Lampian / Huaral  / Lima
150608	Pacaraos / Huaral  / Lima
150609	San Miguel de Acos / Huaral  / Lima
150610	Santa Cruz de Andamarca / Huaral  / Lima
150611	Sumbilca / Huaral  / Lima
150612	Veintisiete de Noviembre / Huaral  / Lima
150701	Matucana / Huarochirí  / Lima
150702	Antioquia / Huarochirí  / Lima
150703	Callahuanca / Huarochirí  / Lima
150704	Carampoma / Huarochirí  / Lima
150705	Chicla / Huarochirí  / Lima
150706	Cuenca / Huarochirí  / Lima
150707	Huachupampa / Huarochirí  / Lima
150708	Huanza / Huarochirí  / Lima
150709	Huarochiri / Huarochirí  / Lima
150710	Lahuaytambo / Huarochirí  / Lima
150711	Langa / Huarochirí  / Lima
150712	Laraos / Huarochirí  / Lima
150713	Mariatana / Huarochirí  / Lima
150714	Ricardo Palma / Huarochirí  / Lima
150715	San Andrés de Tupicocha / Huarochirí  / Lima
150716	San Antonio / Huarochirí  / Lima
150717	San Bartolomé / Huarochirí  / Lima
150718	San Damian / Huarochirí  / Lima
150719	San Juan de Iris / Huarochirí  / Lima
150720	San Juan de Tantaranche / Huarochirí  / Lima
150721	San Lorenzo de Quinti / Huarochirí  / Lima
150722	San Mateo / Huarochirí  / Lima
150723	San Mateo de Otao / Huarochirí  / Lima
150724	San Pedro de Casta / Huarochirí  / Lima
150725	San Pedro de Huancayre / Huarochirí  / Lima
150726	Sangallaya / Huarochirí  / Lima
150727	Santa Cruz de Cocachacra / Huarochirí  / Lima
150728	Santa Eulalia / Huarochirí  / Lima
150729	Santiago de Anchucaya / Huarochirí  / Lima
150730	Santiago de Tuna / Huarochirí  / Lima
150731	Santo Domingo de Los Olleros / Huarochirí  / Lima
150732	Surco / Huarochirí  / Lima
150801	Huacho / Huaura  / Lima
150802	Ambar / Huaura  / Lima
150803	Caleta de Carquin / Huaura  / Lima
150804	Checras / Huaura  / Lima
150805	Hualmay / Huaura  / Lima
150806	Huaura / Huaura  / Lima
150807	Leoncio Prado / Huaura  / Lima
150808	Paccho / Huaura  / Lima
150809	Santa Leonor / Huaura  / Lima
150810	Santa María / Huaura  / Lima
150811	Sayan / Huaura  / Lima
150812	Vegueta / Huaura  / Lima
150901	Oyon / Oyón  / Lima
150902	Andajes / Oyón  / Lima
150903	Caujul / Oyón  / Lima
150904	Cochamarca / Oyón  / Lima
150905	Navan / Oyón  / Lima
150906	Pachangara / Oyón  / Lima
151001	Yauyos / Yauyos  / Lima
151002	Alis / Yauyos  / Lima
151003	Allauca / Yauyos  / Lima
151004	Ayaviri / Yauyos  / Lima
151005	Azángaro / Yauyos  / Lima
151006	Cacra / Yauyos  / Lima
151007	Carania / Yauyos  / Lima
151008	Catahuasi / Yauyos  / Lima
151009	Chocos / Yauyos  / Lima
151010	Cochas / Yauyos  / Lima
151011	Colonia / Yauyos  / Lima
151012	Hongos / Yauyos  / Lima
151013	Huampara / Yauyos  / Lima
151014	Huancaya / Yauyos  / Lima
151015	Huangascar / Yauyos  / Lima
151016	Huantan / Yauyos  / Lima
151017	Huañec / Yauyos  / Lima
151018	Laraos / Yauyos  / Lima
151019	Lincha / Yauyos  / Lima
151020	Madean / Yauyos  / Lima
151021	Miraflores / Yauyos  / Lima
151022	Omas / Yauyos  / Lima
151023	Putinza / Yauyos  / Lima
151024	Quinches / Yauyos  / Lima
151025	Quinocay / Yauyos  / Lima
151026	San Joaquín / Yauyos  / Lima
151027	San Pedro de Pilas / Yauyos  / Lima
151028	Tanta / Yauyos  / Lima
151029	Tauripampa / Yauyos  / Lima
151030	Tomas / Yauyos  / Lima
151031	Tupe / Yauyos  / Lima
151032	Viñac / Yauyos  / Lima
151033	Vitis / Yauyos  / Lima
160101	Iquitos / Maynas  / Loreto
160102	Alto Nanay / Maynas  / Loreto
160103	Fernando Lores / Maynas  / Loreto
160104	Indiana / Maynas  / Loreto
160105	Las Amazonas / Maynas  / Loreto
160106	Mazan / Maynas  / Loreto
160107	Napo / Maynas  / Loreto
160108	Punchana / Maynas  / Loreto
160110	Torres Causana / Maynas  / Loreto
160112	Belén / Maynas  / Loreto
160113	San Juan Bautista / Maynas  / Loreto
160201	Yurimaguas / Alto Amazonas  / Loreto
160202	Balsapuerto / Alto Amazonas  / Loreto
160205	Jeberos / Alto Amazonas  / Loreto
160206	Lagunas / Alto Amazonas  / Loreto
160210	Santa Cruz / Alto Amazonas  / Loreto
160211	Teniente Cesar López Rojas / Alto Amazonas  / Loreto
160301	Nauta / Loreto  / Loreto
160302	Parinari / Loreto  / Loreto
160303	Tigre / Loreto  / Loreto
160304	Trompeteros / Loreto  / Loreto
160305	Urarinas / Loreto  / Loreto
160401	Ramón Castilla / Mariscal Ramón Castilla  / Loreto
160402	Pebas / Mariscal Ramón Castilla  / Loreto
160403	Yavari / Mariscal Ramón Castilla  / Loreto
160404	San Pablo / Mariscal Ramón Castilla  / Loreto
160501	Requena / Requena  / Loreto
160502	Alto Tapiche / Requena  / Loreto
160503	Capelo / Requena  / Loreto
160504	Emilio San Martín / Requena  / Loreto
160505	Maquia / Requena  / Loreto
160506	Puinahua / Requena  / Loreto
160507	Saquena / Requena  / Loreto
160508	Soplin / Requena  / Loreto
160509	Tapiche / Requena  / Loreto
160510	Jenaro Herrera / Requena  / Loreto
160511	Yaquerana / Requena  / Loreto
160601	Contamana / Ucayali  / Loreto
160602	Inahuaya / Ucayali  / Loreto
160603	Padre Márquez / Ucayali  / Loreto
160604	Pampa Hermosa / Ucayali  / Loreto
160605	Sarayacu / Ucayali  / Loreto
160606	Vargas Guerra / Ucayali  / Loreto
160701	Barranca / Datem del Marañón  / Loreto
160702	Cahuapanas / Datem del Marañón  / Loreto
160703	Manseriche / Datem del Marañón  / Loreto
160704	Morona / Datem del Marañón  / Loreto
160705	Pastaza / Datem del Marañón  / Loreto
160706	Andoas / Datem del Marañón  / Loreto
160801	Putumayo / Putumayo / Loreto
160802	Rosa Panduro / Putumayo / Loreto
160803	Teniente Manuel Clavero / Putumayo / Loreto
160804	Yaguas / Putumayo / Loreto
170101	Tambopata / Tambopata  / Madre de Dios
170102	Inambari / Tambopata  / Madre de Dios
170103	Las Piedras / Tambopata  / Madre de Dios
170104	Laberinto / Tambopata  / Madre de Dios
170201	Manu / Manu  / Madre de Dios
170202	Fitzcarrald / Manu  / Madre de Dios
170203	Madre de Dios / Manu  / Madre de Dios
170204	Huepetuhe / Manu  / Madre de Dios
170301	Iñapari / Tahuamanu  / Madre de Dios
170302	Iberia / Tahuamanu  / Madre de Dios
170303	Tahuamanu / Tahuamanu  / Madre de Dios
180101	Moquegua / Mariscal Nieto  / Moquegua
180102	Carumas / Mariscal Nieto  / Moquegua
180103	Cuchumbaya / Mariscal Nieto  / Moquegua
180104	Samegua / Mariscal Nieto  / Moquegua
180105	San Cristóbal / Mariscal Nieto  / Moquegua
180106	Torata / Mariscal Nieto  / Moquegua
180201	Omate / General Sánchez Cerro  / Moquegua
180202	Chojata / General Sánchez Cerro  / Moquegua
180203	Coalaque / General Sánchez Cerro  / Moquegua
180204	Ichuña / General Sánchez Cerro  / Moquegua
180205	La Capilla / General Sánchez Cerro  / Moquegua
180206	Lloque / General Sánchez Cerro  / Moquegua
180207	Matalaque / General Sánchez Cerro  / Moquegua
180208	Puquina / General Sánchez Cerro  / Moquegua
180209	Quinistaquillas / General Sánchez Cerro  / Moquegua
180210	Ubinas / General Sánchez Cerro  / Moquegua
180211	Yunga / General Sánchez Cerro  / Moquegua
180301	Ilo / Ilo  / Moquegua
180302	El Algarrobal / Ilo  / Moquegua
180303	Pacocha / Ilo  / Moquegua
190101	Chaupimarca / Pasco  / Pasco
190102	Huachon / Pasco  / Pasco
190103	Huariaca / Pasco  / Pasco
190104	Huayllay / Pasco  / Pasco
190105	Ninacaca / Pasco  / Pasco
190106	Pallanchacra / Pasco  / Pasco
190107	Paucartambo / Pasco  / Pasco
190108	San Francisco de Asís de Yarusyacan / Pasco  / Pasco
190109	Simon Bolívar / Pasco  / Pasco
190110	Ticlacayan / Pasco  / Pasco
190111	Tinyahuarco / Pasco  / Pasco
190112	Vicco / Pasco  / Pasco
190113	Yanacancha / Pasco  / Pasco
190201	Yanahuanca / Daniel Alcides Carrión  / Pasco
190202	Chacayan / Daniel Alcides Carrión  / Pasco
190203	Goyllarisquizga / Daniel Alcides Carrión  / Pasco
190204	Paucar / Daniel Alcides Carrión  / Pasco
190205	San Pedro de Pillao / Daniel Alcides Carrión  / Pasco
190206	Santa Ana de Tusi / Daniel Alcides Carrión  / Pasco
190207	Tapuc / Daniel Alcides Carrión  / Pasco
190208	Vilcabamba / Daniel Alcides Carrión  / Pasco
190301	Oxapampa / Oxapampa  / Pasco
190302	Chontabamba / Oxapampa  / Pasco
190303	Huancabamba / Oxapampa  / Pasco
190304	Palcazu / Oxapampa  / Pasco
190305	Pozuzo / Oxapampa  / Pasco
190306	Puerto Bermúdez / Oxapampa  / Pasco
190307	Villa Rica / Oxapampa  / Pasco
190308	Constitución / Oxapampa  / Pasco
200101	Piura / Piura  / Piura
200104	Castilla / Piura  / Piura
200105	Catacaos / Piura  / Piura
200107	Cura Mori / Piura  / Piura
200108	El Tallan / Piura  / Piura
200109	La Arena / Piura  / Piura
200110	La Unión / Piura  / Piura
200111	Las Lomas / Piura  / Piura
200114	Tambo Grande / Piura  / Piura
200115	Veintiseis de Octubre / Piura  / Piura
200201	Ayabaca / Ayabaca  / Piura
200202	Frias / Ayabaca  / Piura
200203	Jilili / Ayabaca  / Piura
200204	Lagunas / Ayabaca  / Piura
200205	Montero / Ayabaca  / Piura
200206	Pacaipampa / Ayabaca  / Piura
200207	Paimas / Ayabaca  / Piura
200208	Sapillica / Ayabaca  / Piura
200209	Sicchez / Ayabaca  / Piura
200210	Suyo / Ayabaca  / Piura
200301	Huancabamba / Huancabamba  / Piura
200302	Canchaque / Huancabamba  / Piura
200303	El Carmen de la Frontera / Huancabamba  / Piura
200304	Huarmaca / Huancabamba  / Piura
200305	Lalaquiz / Huancabamba  / Piura
200306	San Miguel de El Faique / Huancabamba  / Piura
200307	Sondor / Huancabamba  / Piura
200308	Sondorillo / Huancabamba  / Piura
200401	Chulucanas / Morropón  / Piura
200402	Buenos Aires / Morropón  / Piura
200403	Chalaco / Morropón  / Piura
200404	La Matanza / Morropón  / Piura
200405	Morropon / Morropón  / Piura
200406	Salitral / Morropón  / Piura
200407	San Juan de Bigote / Morropón  / Piura
200408	Santa Catalina de Mossa / Morropón  / Piura
200409	Santo Domingo / Morropón  / Piura
200410	Yamango / Morropón  / Piura
200501	Paita / Paita  / Piura
200502	Amotape / Paita  / Piura
200503	Arenal / Paita  / Piura
200504	Colan / Paita  / Piura
200505	La Huaca / Paita  / Piura
200506	Tamarindo / Paita  / Piura
200507	Vichayal / Paita  / Piura
200601	Sullana / Sullana  / Piura
200602	Bellavista / Sullana  / Piura
200603	Ignacio Escudero / Sullana  / Piura
200604	Lancones / Sullana  / Piura
200605	Marcavelica / Sullana  / Piura
200606	Miguel Checa / Sullana  / Piura
200607	Querecotillo / Sullana  / Piura
200608	Salitral / Sullana  / Piura
200701	Pariñas / Talara  / Piura
200702	El Alto / Talara  / Piura
200703	La Brea / Talara  / Piura
200704	Lobitos / Talara  / Piura
200705	Los Organos / Talara  / Piura
200706	Mancora / Talara  / Piura
200801	Sechura / Sechura  / Piura
200802	Bellavista de la Unión / Sechura  / Piura
200803	Bernal / Sechura  / Piura
200804	Cristo Nos Valga / Sechura  / Piura
200805	Vice / Sechura  / Piura
200806	Rinconada Llicuar / Sechura  / Piura
210101	Puno / Puno  / Puno
210102	Acora / Puno  / Puno
210103	Amantani / Puno  / Puno
210104	Atuncolla / Puno  / Puno
210105	Capachica / Puno  / Puno
210106	Chucuito / Puno  / Puno
210107	Coata / Puno  / Puno
210108	Huata / Puno  / Puno
210109	Mañazo / Puno  / Puno
210110	Paucarcolla / Puno  / Puno
210111	Pichacani / Puno  / Puno
210112	Plateria / Puno  / Puno
210113	San Antonio / Puno  / Puno
210114	Tiquillaca / Puno  / Puno
210115	Vilque / Puno  / Puno
210201	Azángaro / Azángaro  / Puno
210202	Achaya / Azángaro  / Puno
210203	Arapa / Azángaro  / Puno
210204	Asillo / Azángaro  / Puno
210205	Caminaca / Azángaro  / Puno
210206	Chupa / Azángaro  / Puno
210207	José Domingo Choquehuanca / Azángaro  / Puno
210208	Muñani / Azángaro  / Puno
210209	Potoni / Azángaro  / Puno
210210	Saman / Azángaro  / Puno
210211	San Anton / Azángaro  / Puno
210212	San José / Azángaro  / Puno
210213	San Juan de Salinas / Azángaro  / Puno
210214	Santiago de Pupuja / Azángaro  / Puno
210215	Tirapata / Azángaro  / Puno
210301	Macusani / Carabaya  / Puno
210302	Ajoyani / Carabaya  / Puno
210303	Ayapata / Carabaya  / Puno
210304	Coasa / Carabaya  / Puno
210305	Corani / Carabaya  / Puno
210306	Crucero / Carabaya  / Puno
210307	Ituata / Carabaya  / Puno
210308	Ollachea / Carabaya  / Puno
210309	San Gaban / Carabaya  / Puno
210310	Usicayos / Carabaya  / Puno
210401	Juli / Chucuito  / Puno
210402	Desaguadero / Chucuito  / Puno
210403	Huacullani / Chucuito  / Puno
210404	Kelluyo / Chucuito  / Puno
210405	Pisacoma / Chucuito  / Puno
210406	Pomata / Chucuito  / Puno
210407	Zepita / Chucuito  / Puno
210501	Ilave / El Collao  / Puno
210502	Capazo / El Collao  / Puno
210503	Pilcuyo / El Collao  / Puno
210504	Santa Rosa / El Collao  / Puno
210505	Conduriri / El Collao  / Puno
210601	Huancane / Huancané  / Puno
210602	Cojata / Huancané  / Puno
210603	Huatasani / Huancané  / Puno
210604	Inchupalla / Huancané  / Puno
210605	Pusi / Huancané  / Puno
210606	Rosaspata / Huancané  / Puno
210607	Taraco / Huancané  / Puno
210608	Vilque Chico / Huancané  / Puno
210701	Lampa / Lampa  / Puno
210702	Cabanilla / Lampa  / Puno
210703	Calapuja / Lampa  / Puno
210704	Nicasio / Lampa  / Puno
210705	Ocuviri / Lampa  / Puno
210706	Palca / Lampa  / Puno
210707	Paratia / Lampa  / Puno
210708	Pucara / Lampa  / Puno
210709	Santa Lucia / Lampa  / Puno
210710	Vilavila / Lampa  / Puno
210801	Ayaviri / Melgar  / Puno
210802	Antauta / Melgar  / Puno
210803	Cupi / Melgar  / Puno
210804	Llalli / Melgar  / Puno
210805	Macari / Melgar  / Puno
210806	Nuñoa / Melgar  / Puno
210807	Orurillo / Melgar  / Puno
210808	Santa Rosa / Melgar  / Puno
210809	Umachiri / Melgar  / Puno
210901	Moho / Moho  / Puno
210902	Conima / Moho  / Puno
210903	Huayrapata / Moho  / Puno
210904	Tilali / Moho  / Puno
211001	Putina / San Antonio de Putina  / Puno
211002	Ananea / San Antonio de Putina  / Puno
211003	Pedro Vilca Apaza / San Antonio de Putina  / Puno
211004	Quilcapuncu / San Antonio de Putina  / Puno
211005	Sina / San Antonio de Putina  / Puno
211101	Juliaca / San Román  / Puno
211102	Cabana / San Román  / Puno
211103	Cabanillas / San Román  / Puno
211104	Caracoto / San Román  / Puno
211105	San Miguel / San Román  / Puno
211201	Sandia / Sandia  / Puno
211202	Cuyocuyo / Sandia  / Puno
211203	Limbani / Sandia  / Puno
211204	Patambuco / Sandia  / Puno
211205	Phara / Sandia  / Puno
211206	Quiaca / Sandia  / Puno
211207	San Juan del Oro / Sandia  / Puno
211208	Yanahuaya / Sandia  / Puno
211209	Alto Inambari / Sandia  / Puno
211210	San Pedro de Putina Punco / Sandia  / Puno
211301	Yunguyo / Yunguyo  / Puno
211302	Anapia / Yunguyo  / Puno
211303	Copani / Yunguyo  / Puno
211304	Cuturapi / Yunguyo  / Puno
211305	Ollaraya / Yunguyo  / Puno
211306	Tinicachi / Yunguyo  / Puno
211307	Unicachi / Yunguyo  / Puno
220101	Moyobamba / Moyobamba  / San Martín
220102	Calzada / Moyobamba  / San Martín
220103	Habana / Moyobamba  / San Martín
220104	Jepelacio / Moyobamba  / San Martín
220105	Soritor / Moyobamba  / San Martín
220106	Yantalo / Moyobamba  / San Martín
220201	Bellavista / Bellavista  / San Martín
220202	Alto Biavo / Bellavista  / San Martín
220203	Bajo Biavo / Bellavista  / San Martín
220204	Huallaga / Bellavista  / San Martín
220205	San Pablo / Bellavista  / San Martín
220206	San Rafael / Bellavista  / San Martín
220301	San José de Sisa / El Dorado  / San Martín
220302	Agua Blanca / El Dorado  / San Martín
220303	San Martín / El Dorado  / San Martín
220304	Santa Rosa / El Dorado  / San Martín
220305	Shatoja / El Dorado  / San Martín
220401	Saposoa / Huallaga  / San Martín
220402	Alto Saposoa / Huallaga  / San Martín
220403	El Eslabón / Huallaga  / San Martín
220404	Piscoyacu / Huallaga  / San Martín
220405	Sacanche / Huallaga  / San Martín
220406	Tingo de Saposoa / Huallaga  / San Martín
220501	Lamas / Lamas  / San Martín
220502	Alonso de Alvarado / Lamas  / San Martín
220503	Barranquita / Lamas  / San Martín
220504	Caynarachi / Lamas  / San Martín
220505	Cuñumbuqui / Lamas  / San Martín
220506	Pinto Recodo / Lamas  / San Martín
220507	Rumisapa / Lamas  / San Martín
220508	San Roque de Cumbaza / Lamas  / San Martín
220509	Shanao / Lamas  / San Martín
220510	Tabalosos / Lamas  / San Martín
220511	Zapatero / Lamas  / San Martín
220601	Juanjuí / Mariscal Cáceres  / San Martín
220602	Campanilla / Mariscal Cáceres  / San Martín
220603	Huicungo / Mariscal Cáceres  / San Martín
220604	Pachiza / Mariscal Cáceres  / San Martín
220605	Pajarillo / Mariscal Cáceres  / San Martín
220701	Picota / Picota  / San Martín
220702	Buenos Aires / Picota  / San Martín
220703	Caspisapa / Picota  / San Martín
220704	Pilluana / Picota  / San Martín
220705	Pucacaca / Picota  / San Martín
220706	San Cristóbal / Picota  / San Martín
220707	San Hilarión / Picota  / San Martín
220708	Shamboyacu / Picota  / San Martín
220709	Tingo de Ponasa / Picota  / San Martín
220710	Tres Unidos / Picota  / San Martín
220801	Rioja / Rioja  / San Martín
220802	Awajun / Rioja  / San Martín
220803	Elías Soplin Vargas / Rioja  / San Martín
220804	Nueva Cajamarca / Rioja  / San Martín
220805	Pardo Miguel / Rioja  / San Martín
220806	Posic / Rioja  / San Martín
220807	San Fernando / Rioja  / San Martín
220808	Yorongos / Rioja  / San Martín
220809	Yuracyacu / Rioja  / San Martín
220901	Tarapoto / San Martín  / San Martín
220902	Alberto Leveau / San Martín  / San Martín
220903	Cacatachi / San Martín  / San Martín
220904	Chazuta / San Martín  / San Martín
220905	Chipurana / San Martín  / San Martín
220906	El Porvenir / San Martín  / San Martín
220907	Huimbayoc / San Martín  / San Martín
220908	Juan Guerra / San Martín  / San Martín
220909	La Banda de Shilcayo / San Martín  / San Martín
220910	Morales / San Martín  / San Martín
220911	Papaplaya / San Martín  / San Martín
220912	San Antonio / San Martín  / San Martín
220913	Sauce / San Martín  / San Martín
220914	Shapaja / San Martín  / San Martín
221001	Tocache / Tocache  / San Martín
221002	Nuevo Progreso / Tocache  / San Martín
221003	Polvora / Tocache  / San Martín
221004	Shunte / Tocache  / San Martín
221005	Uchiza / Tocache  / San Martín
230101	Tacna / Tacna  / Tacna
230102	Alto de la Alianza / Tacna  / Tacna
230103	Calana / Tacna  / Tacna
230104	Ciudad Nueva / Tacna  / Tacna
230105	Inclan / Tacna  / Tacna
230106	Pachia / Tacna  / Tacna
230107	Palca / Tacna  / Tacna
230108	Pocollay / Tacna  / Tacna
230109	Sama / Tacna  / Tacna
230110	Coronel Gregorio Albarracín Lanchipa / Tacna  / Tacna
230111	La Yarada los Palos / Tacna  / Tacna
230201	Candarave / Candarave  / Tacna
230202	Cairani / Candarave  / Tacna
230203	Camilaca / Candarave  / Tacna
230204	Curibaya / Candarave  / Tacna
230205	Huanuara / Candarave  / Tacna
230206	Quilahuani / Candarave  / Tacna
230301	Locumba / Jorge Basadre  / Tacna
230302	Ilabaya / Jorge Basadre  / Tacna
230303	Ite / Jorge Basadre  / Tacna
230401	Tarata / Tarata  / Tacna
230402	Héroes Albarracín / Tarata  / Tacna
230403	Estique / Tarata  / Tacna
230404	Estique-Pampa / Tarata  / Tacna
230405	Sitajara / Tarata  / Tacna
230406	Susapaya / Tarata  / Tacna
230407	Tarucachi / Tarata  / Tacna
230408	Ticaco / Tarata  / Tacna
240101	Tumbes / Tumbes  / Tumbes
240102	Corrales / Tumbes  / Tumbes
240103	La Cruz / Tumbes  / Tumbes
240104	Pampas de Hospital / Tumbes  / Tumbes
240105	San Jacinto / Tumbes  / Tumbes
240106	San Juan de la Virgen / Tumbes  / Tumbes
240201	Zorritos / Contralmirante Villar  / Tumbes
240202	Casitas / Contralmirante Villar  / Tumbes
240203	Canoas de Punta Sal / Contralmirante Villar  / Tumbes
240301	Zarumilla / Zarumilla  / Tumbes
240302	Aguas Verdes / Zarumilla  / Tumbes
240303	Matapalo / Zarumilla  / Tumbes
240304	Papayal / Zarumilla  / Tumbes
250101	Calleria / Coronel Portillo  / Ucayali
250102	Campoverde / Coronel Portillo  / Ucayali
250103	Iparia / Coronel Portillo  / Ucayali
250104	Masisea / Coronel Portillo  / Ucayali
250105	Yarinacocha / Coronel Portillo  / Ucayali
250106	Nueva Requena / Coronel Portillo  / Ucayali
250107	Manantay / Coronel Portillo  / Ucayali
250201	Raymondi / Atalaya  / Ucayali
250202	Sepahua / Atalaya  / Ucayali
250203	Tahuania / Atalaya  / Ucayali
250204	Yurua / Atalaya  / Ucayali
250301	Padre Abad / Padre Abad  / Ucayali
250302	Irazola / Padre Abad  / Ucayali
250303	Curimana / Padre Abad  / Ucayali
250304	Neshuya / Padre Abad  / Ucayali
250305	Alexander Von Humboldt / Padre Abad  / Ucayali
250401	Purus / Purús / Ucayali